ID_REF,ontrack_age59
cg00036119,0.44151
cg00079056,0.86106
cg00083937,0.52047
cg00102512,0.88601
cg00113951,0.07739
cg00126959,0.01565
cg00161556,0.48533
cg00168942,0.47656
cg00194146,0.1618
cg00230271,0.04645
cg00252095,0.85566
cg00261781,0.03175
cg00277397,0.7008
cg00297600,0.72731
cg00332048,0.49788
cg00335286,0.73555
cg00338702,0.1411
cg00350702,0.06432
cg00356999,0.89548
cg00398048,0.27926
cg00410898,0.05718
cg00412772,0.45649
cg00412805,0.81122
cg00412842,0.12394
cg00417288,0.8961
cg00417823,0.73217
cg00456299,0.12074
cg00462994,0.16737
cg00480331,0.08999
cg00481951,0.20885
cg00497251,0.12858
cg00500789,0.91304
cg00503840,0.22549
cg00515905,0.8586
cg00534468,0.75515
cg00543335,0.8484
cg00554421,0.51454
cg00558975,0.85955
cg00564555,0.67077
cg00574958,0.07082
cg00582628,0.53931
cg00684178,0.80619
cg00684824,0.2064
cg00687674,0.36654
cg00695391,0.26725
cg00695799,0.12594
cg00706683,0.6347
cg00744433,0.88578
cg00844308,0.2972
cg00845900,0.92198
cg00862290,0.72233
cg00870265,0.01147
cg00892703,0.50597
cg00907204,0.0893
cg00935435,0.80503
cg00936722,0.82687
cg00943950,0.06368
cg00955230,0.06663
cg00959259,0.62658
cg00970752,0.48162
cg00994306,0.07009
cg01021485,0.04999
cg01026009,0.48582
cg01029867,0.05834
cg01031441,0.22525
cg01056568,0.55142
cg01057893,0.93148
cg01070197,0.94341
cg01096266,0.50226
cg01114088,0.09951
cg01127300,0.40402
cg01128603,0.11656
cg01130056,0.90859
cg01130991,0.72756
cg01131735,0.05063
cg01137065,0.04263
cg01163330,0.91558
cg01187498,0.93583
cg01206872,0.52695
cg01211097,0.36458
cg01221637,0.08771
cg01252496,0.43741
cg01254459,0.05513
cg01256539,0.60697
cg01261503,0.0783
cg01308343,0.55909
cg01328703,0.91944
cg01335367,0.09524
cg01337813,0.14802
cg01355108,0.39923
cg01365152,0.92312
cg01391867,0.00322
cg01400401,0.09793
cg01412762,0.37206
cg01431830,0.90551
cg01438090,0.6232
cg01441777,0.34537
cg01450842,0.90685
cg01459453,0.65617
cg01491219,0.05776
cg01508796,0.06478
cg01511567,0.17261
cg01517384,0.42118
cg01518025,0.846
cg01519742,0.1787
cg01562537,0.79305
cg01603456,0.75427
cg01623187,0.94309
cg01624571,0.86843
cg01626227,0.09605
cg01635346,0.31481
cg01637125,0.85015
cg01638369,0.11947
cg01641177,0.14726
cg01651821,0.04039
cg01658265,0.07259
cg01687878,0.53326
cg01702009,0.80172
cg01704252,0.64268
cg01708387,0.75768
cg01753176,0.84775
cg01773760,0.09936
cg01802397,0.03264
cg01817885,0.9151
cg01823956,0.04458
cg01829657,0.8529
cg01873886,0.21277
cg01883195,0.46582
cg01885071,0.08299
cg01909777,0.90313
cg01918706,0.02381
cg01930621,0.05796
cg01936220,0.19412
cg01939962,0.90321
cg01940273,0.48954
cg01946401,0.37065
cg01956624,0.01028
cg01960979,0.83433
cg01975858,0.88745
cg02016419,0.41943
cg02019988,0.18254
cg02027561,0.69242
cg02066343,0.69675
cg02071305,0.28889
cg02081065,0.90827
cg02089135,0.07695
cg02115397,0.92297
cg02135821,0.92861
cg02150207,0.96233
cg02151301,0.31384
cg02154074,0.19859
cg02189786,0.00581
cg02193806,0.76173
cg02197293,0.26084
cg02220125,0.52416
cg02228185,0.72857
cg02229946,0.83436
cg02272457,0.94568
cg02291424,0.04646
cg02295856,0.79291
cg02309431,0.81139
cg02356786,0.07669
cg02373784,0.15713
cg02395454,0.55321
cg02415341,0.7217
cg02480835,0.02442
cg02483931,0.30857
cg02503970,0.07652
cg02505126,0.00651
cg02514143,0.92648
cg02515033,0.99685
cg02580250,0.43156
cg02580722,0.03851
cg02591356,0.21434
cg02613108,0.32749
cg02627240,0.61731
cg02631957,0.07701
cg02633924,0.0461
cg02713068,0.09431
cg02716826,0.32213
cg02735486,0.68779
cg02767242,0.27337
cg02780017,0.15623
cg02782857,0.87958
cg02802055,0.03726
cg02817030,0.10668
cg02831419,0.89817
cg02853801,0.17061
cg02875404,0.81021
cg02880119,0.73504
cg02922734,0.87783
cg02925268,0.87815
cg02931526,0.91212
cg02970861,0.04943
cg02974659,0.66667
cg02976574,0.94709
cg02991799,0.0
cg03007010,0.03893
cg03072681,0.47409
cg03096347,0.60602
cg03098356,0.00537
cg03110633,0.0
cg03112631,0.05254
cg03112869,0.91622
cg03153178,0.03753
cg03172657,0.62587
cg03172991,0.43674
cg03258472,0.47024
cg03259703,0.7815
cg03274876,0.00977
cg03276920,0.32295
cg03294557,0.60818
cg03322338,0.34532
cg03340261,0.03916
cg03345668,0.57831
cg03358468,0.89831
cg03387497,0.85413
cg03393241,0.85788
cg03394401,0.21752
cg03400403,0.99086
cg03415429,0.01506
cg03424844,0.62656
cg03443360,0.4713
cg03460603,0.88563
cg03473532,0.72283
cg03494277,0.86315
cg03522107,0.2973
cg03524223,0.04929
cg03535648,0.94587
cg03546163,0.50506
cg03565081,0.27301
cg03568017,0.09757
cg03574306,0.68076
cg03604011,0.13965
cg03623878,0.08027
cg03634479,0.21357
cg03636183,0.59314
cg03699074,0.20433
cg03703325,0.0816
cg03706056,0.09438
cg03707967,0.6805
cg03714531,0.05264
cg03724882,0.09494
cg03730314,0.47563
cg03739265,0.94432
cg03760035,0.99769
cg03764506,0.04321
cg03807873,0.8227
cg03819692,0.80543
cg03827386,0.90488
cg03840504,0.04294
cg03860256,0.44391
cg03900798,0.91189
cg03900851,0.00538
cg03913456,0.29902
cg03929796,0.23473
cg03950121,0.81818
cg03955530,0.70788
cg03974717,0.05076
cg03977782,0.06101
cg03991512,0.42847
cg03997502,0.81539
cg04007936,0.92847
cg04014889,0.86641
cg04018738,0.86568
cg04053045,0.0825
cg04084157,0.1542
cg04087608,0.81229
cg04120520,0.79932
cg04135242,0.92862
cg04169469,0.13468
cg04196119,0.57586
cg04243822,0.90582
cg04254609,0.0484
cg04265051,0.56971
cg04323814,0.47867
cg04333463,0.0056
cg04344923,0.89452
cg04359302,0.76606
cg04379563,0.92286
cg04416752,0.06856
cg04424621,0.12099
cg04431596,0.94537
cg04480914,0.09024
cg04528819,0.19645
cg04588969,0.96646
cg04599158,0.85694
cg04601137,0.31599
cg04607246,0.90446
cg04616566,0.88206
cg04634427,0.60847
cg04659537,0.52762
cg04661709,0.61173
cg04718414,0.09214
cg04736140,0.04617
cg04745805,0.05817
cg04748223,0.62588
cg04755031,0.11583
cg04764584,0.46039
cg04785972,0.22964
cg04818845,0.5471
cg04832325,0.69136
cg04836038,0.20463
cg04836987,0.90611
cg04946715,0.02859
cg04967775,0.06166
cg04974804,0.88419
cg04976151,0.33303
cg04987004,0.90743
cg05021075,0.46501
cg05065162,0.87612
cg05078817,0.89527
cg05087948,0.08076
cg05089968,0.84388
cg05090127,0.16121
cg05125838,0.32659
cg05144928,0.58014
cg05174890,0.09784
cg05180206,0.88078
cg05182912,0.90304
cg05218245,0.81615
cg05228408,0.37268
cg05241355,0.10345
cg05270634,0.05893
cg05276137,0.06523
cg05294243,0.23696
cg05303999,0.89162
cg05308744,0.98187
cg05313771,0.08025
cg05316065,0.55913
cg05420896,0.12521
cg05422352,0.40525
cg05425050,0.04902
cg05440289,0.79789
cg05441133,0.81392
cg05442902,0.24131
cg05461666,0.92666
cg05466385,0.89503
cg05473871,0.1775
cg05492270,0.01021
cg05495454,0.93344
cg05501584,0.16585
cg05515143,0.94414
cg05532892,0.05535
cg05575505,0.46446
cg05575921,0.79992
cg05590616,0.04735
cg05604079,0.2123
cg05613002,0.0
cg05638439,0.56473
cg05661164,0.85578
cg05697249,0.67057
cg05710301,0.92088
cg05732130,0.04052
cg05737638,0.84493
cg05747812,0.88425
cg05759269,0.05742
cg05782444,0.8248
cg05815247,0.76359
cg05817517,0.05046
cg05839709,0.68875
cg05845376,0.75038
cg05851163,0.04378
cg05890887,0.00167
cg05898102,0.12239
cg05971102,0.65233
cg05993589,0.89891
cg05995267,0.10105
cg05996213,0.4417
cg06022832,0.89719
cg06051159,0.66369
cg06127256,0.98335
cg06133392,0.92727
cg06134964,0.46322
cg06144905,0.20232
cg06147196,0.79718
cg06171242,0.04248
cg06176987,0.95093
cg06189653,0.03138
cg06213463,0.00331
cg06259664,0.88805
cg06266189,0.62297
cg06295856,0.1176
cg06327515,0.37084
cg06349851,0.88406
cg06363129,0.42744
cg06372850,0.36393
cg06413272,0.71804
cg06418475,0.31305
cg06419850,0.11236
cg06439736,0.88008
cg06440348,0.85318
cg06493994,0.23736
cg06500161,0.53464
cg06513864,0.03064
cg06533629,0.10077
cg06560379,0.09645
cg06563451,0.11458
cg06625640,0.57917
cg06637774,0.40241
cg06638451,0.60881
cg06644428,0.05178
cg06649410,0.19203
cg06690548,0.8875
cg06705834,0.07895
cg06722193,0.22455
cg06752157,0.8416
cg06806711,0.43625
cg06809285,0.84928
cg06809342,0.77738
cg06813250,0.70695
cg06841024,0.06521
cg06854487,0.09742
cg06901711,0.65695
cg06903325,0.88179
cg06908778,0.17571
cg06911753,0.99313
cg06912355,0.88751
cg06946797,0.18179
cg06958034,0.09732
cg06959205,0.52932
cg06975311,0.19958
cg06975499,0.05927
cg06994793,0.04577
cg07017437,0.7282
cg07025011,0.44211
cg07031797,0.07171
cg07038400,0.61594
cg07039560,0.69501
cg07073964,0.58525
cg07105440,0.05803
cg07113802,0.32335
cg07120314,0.004
cg07127225,0.05
cg07180649,0.16485
cg07205627,0.3645
cg07211259,0.13043
cg07236943,0.05996
cg07258300,0.93
cg07265300,0.07596
cg07268726,0.87558
cg07284273,0.20115
cg07338119,0.96818
cg07412232,0.87628
cg07477034,0.22449
cg07484827,0.86057
cg07494518,0.10462
cg07520608,0.18597
cg07529654,0.53188
cg07539443,0.78358
cg07543883,0.61153
cg07553761,0.31457
cg07573872,0.65898
cg07582047,0.05359
cg07592681,0.85522
cg07631435,0.57353
cg07654934,0.03978
cg07660627,0.75075
cg07665217,0.81784
cg07677157,0.18827
cg07690734,0.98347
cg07733920,0.65567
cg07793207,0.16324
cg07817698,0.01887
cg07839457,0.59191
cg07842062,0.66005
cg07850604,0.10698
cg07871532,0.78882
cg07927953,0.89934
cg07929310,0.07691
cg07951602,0.87345
cg07973162,0.70446
cg07984286,0.25967
cg08007899,0.26543
cg08035942,0.09835
cg08055490,0.91376
cg08067365,0.04397
cg08074477,0.59206
cg08074820,0.14518
cg08110610,0.85539
cg08122652,0.8086
cg08138571,0.04084
cg08140104,0.86994
cg08161922,0.16121
cg08169325,0.07887
cg08202754,0.16877
cg08212685,0.16237
cg08251399,0.61754
cg08260658,0.06226
cg08284371,0.0746
cg08331960,0.29192
cg08334432,0.89358
cg08373528,0.87595
cg08405844,0.05565
cg08410533,0.52284
cg08424423,0.86293
cg08439518,0.43585
cg08475827,0.11966
cg08487374,0.03972
cg08529529,0.11364
cg08548559,0.2317
cg08549335,0.41949
cg08586737,0.5209
cg08587542,0.20196
cg08614871,0.50703
cg08645207,0.90137
cg08654655,0.51898
cg08659340,0.92232
cg08667899,0.00967
cg08668790,0.15421
cg08694544,0.13748
cg08695830,0.09413
cg08706141,0.88613
cg08832227,0.14807
cg08871545,0.18708
cg08872493,0.69042
cg08877853,0.91838
cg08896629,0.03511
cg08899632,0.03716
cg08900043,0.09172
cg08923669,0.31943
cg08926056,0.08276
cg08980304,0.82065
cg09000779,0.47852
cg09045681,0.09288
cg09051966,0.54462
cg09096950,0.32672
cg09144073,0.07525
cg09159795,0.07614
cg09194449,0.22038
cg09196959,0.06468
cg09219182,0.49798
cg09225388,0.14773
cg09244872,0.6653
cg09254939,0.09321
cg09279803,0.91854
cg09294589,0.05894
cg09304040,0.06733
cg09315887,0.17987
cg09319676,0.92354
cg09322949,0.04944
cg09351263,0.33843
cg09396704,0.1071
cg09404633,0.36673
cg09413557,0.05637
cg09434995,0.82699
cg09438320,0.82114
cg09480837,0.8023
cg09522532,0.44735
cg09548179,0.0809
cg09556292,0.10328
cg09566331,0.83528
cg09578605,0.82753
cg09584650,0.06156
cg09608412,0.94224
cg09630437,0.10489
cg09690118,0.79347
cg09799873,0.22204
cg09809672,0.32182
cg09826306,0.14225
cg09834822,0.84425
cg09845806,0.56686
cg09851465,0.22775
cg09884076,0.10429
cg09892203,0.00835
cg09899215,0.45185
cg09915601,0.73419
cg09920725,0.04519
cg09971184,0.86839
cg10000096,0.84129
cg10052840,0.54446
cg10068417,0.20771
cg10116490,0.30512
cg10119082,0.15536
cg10120040,0.87794
cg10130564,0.75666
cg10143960,0.17725
cg10144483,0.25683
cg10158181,0.06335
cg10169261,0.00355
cg10177080,0.79953
cg10189661,0.66262
cg10202457,0.14462
cg10202557,0.58965
cg10224107,0.12898
cg10225525,0.91019
cg10323552,0.15468
cg10327168,0.89537
cg10354495,0.85753
cg10407935,0.97901
cg10431713,0.12656
cg10439456,0.43607
cg10508317,0.15746
cg10511249,0.01111
cg10523019,0.18555
cg10530344,0.68656
cg10531748,0.0961
cg10535933,0.03916
cg10549018,0.46783
cg10570177,0.16799
cg10578779,0.03768
cg10584300,0.94388
cg10585941,0.62653
cg10591174,0.45529
cg10636246,0.34271
cg10654016,0.00985
cg10667970,0.06028
cg10669058,0.40338
cg10677351,0.84943
cg10701033,0.83381
cg10747042,0.03118
cg10753966,0.60375
cg10795646,0.24494
cg10853231,0.36879
cg10878896,0.0586
cg10900550,0.11402
cg10917602,0.60857
cg10920224,0.44147
cg10922280,0.38465
cg10940833,0.04806
cg10948795,0.79165
cg11019008,0.94832
cg11020638,0.82348
cg11043909,0.05546
cg11058730,0.00254
cg11074353,0.91338
cg11086127,0.84614
cg11177450,0.09231
cg11207515,0.48584
cg11233384,0.27193
cg11235787,0.77051
cg11237115,0.0537
cg11287647,0.88489
cg11295183,0.90758
cg11299854,0.19245
cg11333189,0.11084
cg11336382,0.41656
cg11426590,0.04896
cg11444009,0.28783
cg11459714,0.02725
cg11487705,0.04015
cg11490446,0.06798
cg11507178,0.09352
cg11539695,0.89951
cg11554391,0.14158
cg11569478,0.91012
cg11594160,0.90025
cg11600161,0.08727
cg11605750,0.93221
cg11618577,0.59106
cg11631518,0.07439
cg11660018,0.41178
cg11764442,0.88775
cg11781622,0.90357
cg11782409,0.79625
cg11833861,0.09391
cg11850311,0.03032
cg11867651,0.13495
cg11896923,0.15738
cg11903057,0.05784
cg11923914,0.92698
cg11932091,0.89644
cg12020464,0.946
cg12035880,0.56656
cg12051762,0.70004
cg12054453,0.26297
cg12067764,0.4151
cg12112556,0.82401
cg12145907,0.21589
cg12155356,0.07082
cg12157673,0.48319
cg12165215,0.34816
cg12177001,0.85657
cg12188560,0.10159
cg12211040,0.93656
cg12238343,0.11459
cg12247247,0.08259
cg12261786,0.63139
cg12265604,0.07153
cg12269343,0.04383
cg12289045,0.60113
cg12298697,0.41778
cg12324144,0.13989
cg12325588,0.00367
cg12329405,0.0
cg12363682,0.22422
cg12373771,0.18583
cg12379046,0.88934
cg12384004,0.43812
cg12386614,0.87676
cg12396523,0.12389
cg12402251,0.13671
cg12458003,0.64382
cg12465010,0.92523
cg12473775,0.75461
cg12473849,0.75963
cg12483947,0.23241
cg12486944,0.78139
cg12511214,0.07533
cg12516875,0.74892
cg12599971,0.24601
cg12605080,0.68814
cg12612118,0.06674
cg12683410,0.89053
cg12716346,0.87762
cg12743894,0.03704
cg12791136,0.60266
cg12813792,0.6325
cg12831076,0.76186
cg12846567,0.83935
cg12864235,0.81443
cg12893697,0.47425
cg12918464,0.85026
cg12927358,0.05439
cg12977946,0.73526
cg12980795,0.58314
cg12985418,0.06335
cg12988996,0.06868
cg12991365,0.27384
cg12991522,0.07351
cg13001142,0.72611
cg13029847,0.10143
cg13042288,0.88019
cg13077366,0.17766
cg13092901,0.08445
cg13119609,0.59455
cg13120519,0.06137
cg13155421,0.86179
cg13180152,0.88386
cg13218906,0.07193
cg13258700,0.16242
cg13287247,0.62697
cg13296371,0.3081
cg13307384,0.6629
cg13309828,0.52289
cg13316619,0.65941
cg13323474,0.03657
cg13351161,0.36749
cg13371627,0.90452
cg13398470,0.21151
cg13406893,0.88055
cg13409216,0.04122
cg13428009,0.07155
cg13446658,0.04524
cg13449372,0.94086
cg13457961,0.01159
cg13458005,0.87985
cg13460409,0.26668
cg13499318,0.58268
cg13509147,0.11933
cg13510262,0.06734
cg13514050,0.05136
cg13518625,0.1041
cg13543355,0.15903
cg13550401,0.11927
cg13550877,0.88219
cg13564075,0.05618
cg13565994,0.92783
cg13571802,0.85244
cg13574848,0.86548
cg13587552,0.76898
cg13589330,0.02055
cg13603203,0.9018
cg13606988,0.90408
cg13611456,0.7943
cg13613532,0.0533
cg13620770,0.11977
cg13631913,0.05578
cg13634681,0.83895
cg13649020,0.87613
cg13649864,0.74764
cg13650654,0.72605
cg13654195,0.12237
cg13656062,0.85504
cg13656360,0.04622
cg13657511,0.92557
cg13667243,0.59499
cg13673536,0.66135
cg13678787,0.93285
cg13700897,0.13976
cg13718960,0.8778
cg13724379,0.00655
cg13728106,0.90945
cg13772414,0.4314
cg13842421,0.77013
cg13843773,0.03934
cg13854874,0.21714
cg13861644,0.65531
cg13873209,0.80565
cg13875901,0.12398
cg13898384,0.82717
cg13899108,0.42244
cg13915886,0.75865
cg13917964,0.18001
cg13947317,0.91393
cg13975369,0.29654
cg13990487,0.89223
cg13994175,0.0541
cg14009688,0.62218
cg14084907,0.16867
cg14088844,0.82897
cg14105047,0.08316
cg14153919,0.57688
cg14159818,0.12059
cg14175438,0.19108
cg14223995,0.17172
cg14234805,0.00336
cg14260002,0.89227
cg14268714,0.84851
cg14281160,0.06044
cg14350002,0.08235
cg14355192,0.07416
cg14371731,0.05047
cg14387545,0.0069
cg14423778,0.34045
cg14457452,0.9257
cg14467840,0.69993
cg14473016,0.12139
cg14476101,0.66473
cg14508358,0.44777
cg14508777,0.74623
cg14528319,0.8792
cg14528537,0.06249
cg14543641,0.67952
cg14545159,0.90892
cg14550518,0.05086
cg14592365,0.49316
cg14626196,0.94199
cg14652203,0.83425
cg14689355,0.1136
cg14700531,0.59693
cg14709691,0.00528
cg14716323,0.90542
cg14747225,0.01825
cg14754581,0.0491
cg14825555,0.45008
cg14868212,0.37021
cg14870958,0.92619
cg14889658,0.58392
cg14916213,0.06411
cg14918082,0.76673
cg14924781,0.80791
cg14928764,0.80164
cg14955976,0.37124
cg14972143,0.20253
cg14984434,0.83651
cg15001547,0.74431
cg15011409,0.38126
cg15012625,0.52038
cg15013019,0.09646
cg15016740,0.89681
cg15089567,0.85757
cg15171237,0.90654
cg15174951,0.03363
cg15201877,0.18924
cg15211499,0.00183
cg15228492,0.84446
cg15258649,0.93922
cg15290848,0.77818
cg15344028,0.67872
cg15355146,0.20428
cg15381313,0.86057
cg15410835,0.50601
cg15427448,0.02234
cg15447479,0.06879
cg15471661,0.79569
cg15489301,0.48765
cg15498283,0.08516
cg15551881,0.27101
cg15569512,0.04612
cg15573979,0.06058
cg15600935,0.93634
cg15611364,0.02447
cg15631106,0.89805
cg15642326,0.23187
cg15651727,0.71906
cg15658426,0.49784
cg15679283,0.98227
cg15705999,0.34386
cg15709989,0.37245
cg15777014,0.57051
cg15777335,0.97165
cg15783941,0.85145
cg15808795,0.86282
cg15811427,0.72978
cg15815084,0.59286
cg15822010,0.99364
cg15845365,0.05745
cg15849439,0.93894
cg15856055,0.10286
cg15860924,0.89124
cg15876825,0.95914
cg15881088,0.08116
cg15887846,0.42756
cg15903282,0.73494
cg15947697,0.0298
cg15963417,0.0327
cg15966757,0.92465
cg15988937,0.84623
cg15997315,0.8818
cg16067628,0.85255
cg16085042,0.07601
cg16173067,0.87682
cg16188984,0.53273
cg16246188,0.87175
cg16252995,0.80518
cg16274199,0.00884
cg16295988,0.0866
cg16305333,0.14944
cg16313343,0.19159
cg16319578,0.13076
cg16340918,0.04841
cg16354207,0.15457
cg16357381,0.05588
cg16372520,0.45301
cg16383389,0.05045
cg16385335,0.62027
cg16400903,0.04315
cg16408970,0.11256
cg16416603,0.84677
cg16466334,0.89576
cg16511983,0.5836
cg16543027,0.10941
cg16558846,0.66623
cg16569347,0.87227
cg16612562,0.46124
cg16648841,0.81939
cg16649728,0.81573
cg16665506,0.93868
cg16700924,0.03779
cg16704703,0.59366
cg16708495,0.84795
cg16713727,0.84048
cg16718891,0.09532
cg16728114,0.10354
cg16730765,0.91794
cg16743289,0.50985
cg16816226,0.08684
cg16821867,0.93246
cg16847637,0.93539
cg16854606,0.62224
cg16887334,0.57691
cg16928551,0.82284
cg16933388,0.16319
cg16978914,0.15283
cg16982073,0.93311
cg16983817,0.0
cg16984944,0.16622
cg17009433,0.10655
cg17025841,0.80362
cg17038116,0.04552
cg17058475,0.07926
cg17096289,0.84758
cg17100770,0.91183
cg17116694,0.93356
cg17117459,0.11611
cg17129388,0.67494
cg17133388,0.07519
cg17133967,0.01419
cg17177219,0.00154
cg17215151,0.79743
cg17220237,0.77384
cg17255947,0.05404
cg17262492,0.86704
cg17286012,0.72418
cg17287155,0.91803
cg17310258,0.50454
cg17324128,0.19556
cg17382302,0.43661
cg17431739,0.27519
cg17440248,0.80167
cg17500754,0.09134
cg17501210,0.71231
cg17526300,0.03632
cg17533522,0.2546
cg17536848,0.04632
cg17543884,0.40129
cg17560136,0.72298
cg17561365,0.82345
cg17591574,0.87725
cg17598713,0.03838
cg17605084,0.04107
cg17627559,0.12645
cg17639894,0.0
cg17641104,0.09692
cg17676631,0.23807
cg17719473,0.91072
cg17726022,0.04402
cg17744279,0.78114
cg17747265,0.20365
cg17749443,0.10204
cg17758363,0.38891
cg17770886,0.15226
cg17803430,0.91101
cg17850642,0.37891
cg17861230,0.2546
cg17886420,0.65667
cg17894318,0.24957
cg17896249,0.05034
cg17903544,0.01306
cg17923358,0.1574
cg17940013,0.17008
cg17966192,0.13122
cg17981101,0.87706
cg18001427,0.07315
cg18003795,0.87793
cg18098839,0.08539
cg18116267,0.94074
cg18117393,0.93216
cg18148156,0.74859
cg18159533,0.9783
cg18181703,0.48402
cg18234973,0.93624
cg18241647,0.87157
cg18267374,0.15755
cg18278247,0.07079
cg18331061,0.91104
cg18345924,0.57096
cg18376497,0.25816
cg18384097,0.08554
cg18388639,0.05262
cg18392482,0.63701
cg18394552,0.5713
cg18405719,0.49099
cg18425651,0.92007
cg18468844,0.65102
cg18569704,0.01261
cg18584747,0.04223
cg18587364,0.08975
cg18593194,0.45013
cg18607491,0.0218
cg18638931,0.70315
cg18691434,0.22516
cg18693704,0.13747
cg18718984,0.91568
cg18732541,0.04176
cg18771300,0.51177
cg18809289,0.16991
cg18853287,0.89352
cg18881501,0.29488
cg18886347,0.33695
cg18892128,0.0
cg18951537,0.92026
cg18995788,0.868
cg18996776,0.06532
cg19008809,0.08661
cg19012696,0.88546
cg19028160,0.09633
cg19033875,0.07811
cg19061798,0.80912
cg19076659,0.65433
cg19080320,0.9292
cg19083871,0.01853
cg19104072,0.08652
cg19149785,0.67825
cg19174059,0.84151
cg19196326,0.76302
cg19253577,0.57589
cg19283806,0.24232
cg19287114,0.06044
cg19297232,0.51457
cg19328485,0.78935
cg19345165,0.00589
cg19356189,0.3862
cg19371795,0.37421
cg19378133,0.27037
cg19389001,0.02553
cg19393314,0.80813
cg19398783,0.0528
cg19414383,0.49837
cg19439331,0.06371
cg19459791,0.70252
cg19471466,0.10483
cg19491388,0.91459
cg19501902,0.73984
cg19510604,0.87368
cg19514469,0.66703
cg19556572,0.85714
cg19560210,0.93978
cg19566405,0.19212
cg19570545,0.03976
cg19573166,0.35306
cg19586576,0.15065
cg19601991,0.0
cg19615059,0.20163
cg19617213,0.01349
cg19632206,0.16316
cg19647685,0.88844
cg19663795,0.08915
cg19685066,0.83744
cg19686152,0.57027
cg19693031,0.6912
cg19694465,0.73651
cg19717326,0.72596
cg19719391,0.5278
cg19722847,0.14456
cg19724470,0.19988
cg19731122,0.42758
cg19761014,0.0645
cg19778944,0.00467
cg19783150,0.94125
cg19795482,0.03841
cg19802390,0.54457
cg19859270,0.86179
cg19883905,0.10874
cg19935065,0.47171
cg19987111,0.95222
cg20066677,0.96176
cg20090497,0.90687
cg20150163,0.00244
cg20162159,0.06444
cg20173259,0.09672
cg20234170,0.0769
cg20240347,0.66879
cg20245361,0.88166
cg20246707,0.93648
cg20248954,0.01429
cg20327105,0.15756
cg20352798,0.06351
cg20361594,0.95202
cg20405584,0.03016
cg20433952,0.48643
cg20459712,0.56911
cg20462449,0.92869
cg20468415,0.67254
cg20492933,0.09077
cg20550050,0.91752
cg20550118,0.10329
cg20569940,0.84476
cg20570279,0.20118
cg20572838,0.08462
cg20576510,0.95449
cg20585830,0.75538
cg20652640,0.13063
cg20656525,0.43599
cg20660989,0.73082
cg20674577,0.24659
cg20747455,0.75933
cg20761322,0.19142
cg20800892,0.88249
cg20801751,0.90009
cg20828084,0.83035
cg20891917,0.82619
cg20915897,0.90048
cg20923047,0.0546
cg20941739,0.89501
cg20951650,0.88816
cg20967028,0.93073
cg21006686,0.61892
cg21036336,0.1139
cg21053529,0.1976
cg21081971,0.40786
cg21091547,0.67929
cg21099326,0.09297
cg21112391,0.74722
cg21120063,0.7385
cg21120249,0.52317
cg21137706,0.04484
cg21184495,0.16522
cg21200703,0.35635
cg21201109,0.64388
cg21207418,0.77696
cg21208062,0.90948
cg21227060,0.86204
cg21272576,0.89828
cg21280384,0.0595
cg21288889,0.51341
cg21296230,0.24176
cg21348173,0.81603
cg21363706,0.88332
cg21368094,0.85011
cg21459583,0.55857
cg21462914,0.99562
cg21566642,0.47701
cg21574681,0.91565
cg21579274,0.09983
cg21584251,0.70289
cg21614211,0.70377
cg21649005,0.88265
cg21649520,0.83715
cg21656736,0.88522
cg21658515,0.8937
cg21710255,0.78182
cg21712685,0.06828
cg21727276,0.88978
cg21736089,0.99198
cg21761813,0.91496
cg21762589,0.44316
cg21770393,0.05763
cg21777188,0.30496
cg21789941,0.42373
cg21791657,0.97266
cg21801378,0.09901
cg21833476,0.04886
cg21835643,0.21266
cg21843627,0.87591
cg21879240,0.90353
cg21899558,0.89574
cg21907579,0.1206
cg21924273,0.00854
cg21926612,0.35044
cg21960184,0.8772
cg21992507,0.90194
cg21993406,0.58586
cg22030032,0.11508
cg22047262,0.86938
cg22090064,0.93313
cg22090592,0.56173
cg22156456,0.17201
cg22157525,0.98152
cg22163406,0.80422
cg22179082,0.13134
cg22194129,0.6782
cg22197830,0.64909
cg22277972,0.08761
cg22282672,0.29223
cg22322818,0.86296
cg22355889,0.45126
cg22395019,0.12322
cg22396353,0.0
cg22407458,0.04176
cg22455450,0.07949
cg22473095,0.04232
cg22484793,0.71986
cg22495124,0.89291
cg22510139,0.48746
cg22510362,0.78137
cg22511262,0.12953
cg22512531,0.78394
cg22518157,0.38196
cg22519313,0.74552
cg22538557,0.04582
cg22580353,0.40784
cg22582569,0.04838
cg22594309,0.03516
cg22616007,0.89944
cg22620356,0.77878
cg22650271,0.646
cg22659049,0.85505
cg22660341,0.95478
cg22660904,0.5081
cg22663545,0.02664
cg22704788,0.80639
cg22714094,0.0352
cg22736354,0.29213
cg22744079,0.55009
cg22778797,0.86655
cg22809047,0.68977
cg22820188,0.30966
cg22850234,0.06527
cg22866430,0.8267
cg22871721,0.80147
cg22902266,0.14225
cg22930808,0.65488
cg22947000,0.33076
cg22971191,0.88214
cg22983092,0.74203
cg22983827,0.89868
cg22991148,0.10839
cg23036136,0.85491
cg23047825,0.70764
cg23124451,0.43634
cg23127998,0.16017
cg23152772,0.35205
cg23159337,0.69529
cg23173910,0.88288
cg23191950,0.16115
cg23213217,0.29346
cg23234999,0.75203
cg23239039,0.13095
cg23251761,0.5869
cg23278885,0.81444
cg23322172,0.77624
cg23338195,0.77955
cg23367341,0.46406
cg23371436,0.62106
cg23376526,0.06627
cg23431721,0.13083
cg23510415,0.53007
cg23511118,0.138
cg23568913,0.04424
cg23573129,0.43332
cg23668631,0.20093
cg23691771,0.85268
cg23710218,0.12251
cg23771366,0.33338
cg23777956,0.15772
cg23800435,0.84049
cg23814988,0.03349
cg23818978,0.71537
cg23832061,0.06143
cg23842572,0.75426
cg23923856,0.09515
cg23938637,0.9222
cg23944298,0.46076
cg24000528,0.5898
cg24093538,0.35366
cg24110063,0.864
cg24110177,0.03251
cg24115922,0.01085
cg24125648,0.15856
cg24126612,0.86026
cg24145109,0.15291
cg24172278,0.82917
cg24208206,0.0671
cg24304712,0.08349
cg24332433,0.05396
cg24391240,0.11103
cg24393673,0.53615
cg24407308,0.10206
cg24420742,0.75271
cg24429836,0.46479
cg24493940,0.17055
cg24493971,0.09389
cg24505122,0.83915
cg24505341,0.27969
cg24506130,0.93579
cg24521756,0.31925
cg24556026,0.53051
cg24580066,0.00583
cg24651706,0.06761
cg24674703,0.43184
cg24675983,0.79833
cg24708145,0.7683
cg24765579,0.05278
cg24801535,0.90206
cg24805559,0.83025
cg24859433,0.78843
cg24869272,0.41325
cg24894584,0.74263
cg24921089,0.18122
cg24924577,0.33245
cg25022327,0.92277
cg25024993,0.19757
cg25092328,0.05141
cg25136687,0.10207
cg25149516,0.92542
cg25189904,0.41647
cg25229964,0.82247
cg25251635,0.05012
cg25256723,0.57438
cg25291250,0.84152
cg25325512,0.32308
cg25371036,0.58095
cg25428451,0.06916
cg25448355,0.91902
cg25450266,0.07093
cg25459323,0.18876
cg25536676,0.17291
cg25567048,0.84554
cg25572904,0.75773
cg25587069,0.01584
cg25598319,0.06546
cg25613227,0.84412
cg25616777,0.71081
cg25629712,0.91274
cg25654926,0.71208
cg25663874,0.97261
cg25713185,0.19868
cg25741192,0.04695
cg25761955,0.85887
cg25769980,0.93994
cg25806704,0.55445
cg25841091,0.04569
cg25845889,0.73311
cg25876186,0.96782
cg25881193,0.04865
cg25898500,0.08931
cg25939203,0.53797
cg25939861,0.87638
cg25949550,0.12631
cg25955180,0.13136
cg25966649,0.86647
cg25977769,0.41868
cg26009035,0.26963
cg26022315,0.07792
cg26036479,0.0
cg26074100,0.66481
cg26091688,0.0491
cg26096837,0.18991
cg26104204,0.08196
cg26109803,0.88437
cg26110733,0.91977
cg26116499,0.74494
cg26126740,0.77088
cg26156167,0.0601
cg26191447,0.17005
cg26201213,0.29012
cg26206456,0.89001
cg26212924,0.0787
cg26219051,0.3004
cg26266429,0.56624
cg26312920,0.7062
cg26350286,0.09096
cg26357744,0.10188
cg26359730,0.68386
cg26372792,0.01685
cg26382071,0.05387
cg26394737,0.07648
cg26394940,0.10844
cg26403206,0.89389
cg26403843,0.43855
cg26407029,0.92149
cg26411299,0.8562
cg26433444,0.80994
cg26470115,0.90585
cg26470314,0.58067
cg26471058,0.78916
cg26481784,0.00872
cg26527903,0.83986
cg26573797,0.95548
cg26581729,0.41254
cg26614073,0.36619
cg26665419,0.07288
cg26711820,0.29715
cg26746469,0.88386
cg26805150,0.81267
cg26815229,0.11554
cg26816491,0.52725
cg26824091,0.07564
cg26837962,0.91822
cg26842024,0.18084
cg26853093,0.01355
cg26866325,0.14304
cg26867866,0.03707
cg26881591,0.90612
cg26898166,0.12566
cg26905845,0.55685
cg26921969,0.28966
cg26932976,0.06231
cg26943759,0.861
cg26950531,0.29714
cg26960221,0.79484
cg26967875,0.08972
cg26975476,0.83475
cg26987613,0.46375
cg27015931,0.12914
cg27067781,0.11002
cg27113347,0.68707
cg27114661,0.01231
cg27115863,0.29379
cg27134386,0.07406
cg27145096,0.13571
cg27152890,0.30976
cg27187881,0.09058
cg27243685,0.78306
cg27244482,0.62875
cg27272363,0.49493
cg27294156,0.82046
cg27326062,0.85572
cg27336439,0.6943
cg27367952,0.05335
cg27380813,0.74384
cg27396830,0.95961
cg27440834,0.85706
cg27493997,0.19921
cg27505538,0.05139
cg27514224,0.92662
cg27569863,0.26079
cg27626102,0.1268
cg27628536,0.17408
cg27637521,0.1153
cg27655905,0.06444
